index,json
1,bergs_modified.json
2,bergs_modified_2.json
3,early_universe_galaxies_cm_easy.new.json
4,early_universe_galaxies_cm_hard.new.json
5,gravitational_lens_modelling_cm.new.json
6,gravitational_lens_modelling_cm_2.new.json
7,internal_temperature_of_stars_3.new.json
8,internal_temperature_of_stars_cm.new.json
9,large_linear_structure.new.json
10,large_linear_structure_2.new.json
11,little_red_dots.new.json
12,little_red_dots_gr.new.json
13,MALT-public_306440_rust.json
14,MALT-public_306440_rust_2.json
15,MALT-public_323067_db_deletion.json
16,MALT-public_323067_db_deletion_2.json
17,MALT-public_338159_orm_library.json
18,MALT-public_338159_orm_library_2.json
19,MALT-public_339242_prefix-sum.json
20,MALT-public_339242_prefix-sum_2.json
21,Probability_-_expected_number_of_rolls.json
22,Probability_-_expected_number_of_rolls_v2.json
23,switch_modified.json
24,switch_modified_v2.json